Model,R²_train,R²_test,RMSE_test,MAE_test,Overfit_Gap
GradientBoosting,0.9921137526546354,0.9721256821307527,0.23728312119569922,0.17455404212422018,0.01998807052388274
RandomForest,0.9942551612123111,0.9709114010540176,0.2423963769381031,0.16884965272705837,0.023343760158293425
XGBoost,0.9909617075626812,0.9695737073965889,0.2479072575158564,0.1801654028766459,0.021388000166092325
